Workbook

Sheet Inventory Dashboard
A1: INVENTORY MANAGEMENT DASHBOARD
A2: Real-time SKU status · stock valuation · top performers · refreshable via Stock sheet
A4: TOTAL SKUs | C4: STOCK VALUE | E4: LOW STOCK | G4: OUT OF STOCK | I4: AVG DAYS COVER
A5: =COUNTA(Stock!A2:A101) -> 100 | C5: =SUMPRODUCT(Stock!E2:E101,Stock!F2:F101) -> 3249465.5 | E5: =COUNTIF(Stock!I2:I101,"Low") -> 5 | G5: =COUNTIF(Stock!I2:I101,"Out") -> 0 | I5: =AVERAGE(Stock!H2:H101) -> 26.336
A8: TOP 10 SKUs BY STOCK VALUE | H8: STATUS BREAKDOWN
A9: SKU | B9: Product | C9: Category | D9: Qty | E9: Unit Cost | F9: Total Value | H9: Status | I9: Count
A10: {=INDEX(Stock!A:A,MATCH(LARGE(Stock!K$2:K$101,1),Stock!K$2:K$101,0)+1)} -> SKU-1078 | B10: =VLOOKUP(A10,Stock!A:K,2,FALSE()) -> Product 78 | C10: =VLOOKUP(A10,Stock!A:K,3,FALSE()) -> Books | D10: =VLOOKUP(A10,Stock!A:K,6,FALSE()) -> 484 | E10: =VLOOKUP(A10,Stock!A:K,5,FALSE()) -> 213.77 | F10: =LARGE(Stock!K$2:K$101,1) -> 103464.68 | H10: OK | I10: =COUNTIF(Stock!I:I,"OK") -> 95
A11: {=INDEX(Stock!A:A,MATCH(LARGE(Stock!K$2:K$101,2),Stock!K$2:K$101,0)+1)} -> SKU-1044 | B11: =VLOOKUP(A11,Stock!A:K,2,FALSE()) -> Product 44 | C11: =VLOOKUP(A11,Stock!A:K,3,FALSE()) -> Electronics | D11: =VLOOKUP(A11,Stock!A:K,6,FALSE()) -> 388 | E11: =VLOOKUP(A11,Stock!A:K,5,FALSE()) -> 232.1 | F11: =LARGE(Stock!K$2:K$101,2) -> 90054.8 | H11: Low | I11: =COUNTIF(Stock!I:I,"Low") -> 5
A12: {=INDEX(Stock!A:A,MATCH(LARGE(Stock!K$2:K$101,3),Stock!K$2:K$101,0)+1)} -> SKU-1043 | B12: =VLOOKUP(A12,Stock!A:K,2,FALSE()) -> Product 43 | C12: =VLOOKUP(A12,Stock!A:K,3,FALSE()) -> Sports | D12: =VLOOKUP(A12,Stock!A:K,6,FALSE()) -> 394 | E12: =VLOOKUP(A12,Stock!A:K,5,FALSE()) -> 225.15 | F12: =LARGE(Stock!K$2:K$101,3) -> 88709.1 | H12: Out | I12: =COUNTIF(Stock!I:I,"Out") -> 0
A13: {=INDEX(Stock!A:A,MATCH(LARGE(Stock!K$2:K$101,4),Stock!K$2:K$101,0)+1)} -> SKU-1021 | B13: =VLOOKUP(A13,Stock!A:K,2,FALSE()) -> Product 21 | C13: =VLOOKUP(A13,Stock!A:K,3,FALSE()) -> Apparel | D13: =VLOOKUP(A13,Stock!A:K,6,FALSE()) -> 367 | E13: =VLOOKUP(A13,Stock!A:K,5,FALSE()) -> 240.06 | F13: =LARGE(Stock!K$2:K$101,4) -> 88102.02
A14: {=INDEX(Stock!A:A,MATCH(LARGE(Stock!K$2:K$101,5),Stock!K$2:K$101,0)+1)} -> SKU-1077 | B14: =VLOOKUP(A14,Stock!A:K,2,FALSE()) -> Product 77 | C14: =VLOOKUP(A14,Stock!A:K,3,FALSE()) -> Books | D14: =VLOOKUP(A14,Stock!A:K,6,FALSE()) -> 470 | E14: =VLOOKUP(A14,Stock!A:K,5,FALSE()) -> 182.24 | F14: =LARGE(Stock!K$2:K$101,5) -> 85652.8
A15: {=INDEX(Stock!A:A,MATCH(LARGE(Stock!K$2:K$101,6),Stock!K$2:K$101,0)+1)} -> SKU-1003 | B15: =VLOOKUP(A15,Stock!A:K,2,FALSE()) -> Product 3 | C15: =VLOOKUP(A15,Stock!A:K,3,FALSE()) -> Apparel | D15: =VLOOKUP(A15,Stock!A:K,6,FALSE()) -> 379 | E15: =VLOOKUP(A15,Stock!A:K,5,FALSE()) -> 212.03 | F15: =LARGE(Stock!K$2:K$101,6) -> 80359.37
A16: {=INDEX(Stock!A:A,MATCH(LARGE(Stock!K$2:K$101,7),Stock!K$2:K$101,0)+1)} -> SKU-1094 | B16: =VLOOKUP(A16,Stock!A:K,2,FALSE()) -> Product 94 | C16: =VLOOKUP(A16,Stock!A:K,3,FALSE()) -> Apparel | D16: =VLOOKUP(A16,Stock!A:K,6,FALSE()) -> 440 | E16: =VLOOKUP(A16,Stock!A:K,5,FALSE()) -> 174.57 | F16: =LARGE(Stock!K$2:K$101,7) -> 76810.8
A17: {=INDEX(Stock!A:A,MATCH(LARGE(Stock!K$2:K$101,8),Stock!K$2:K$101,0)+1)} -> SKU-1014 | B17: =VLOOKUP(A17,Stock!A:K,2,FALSE()) -> Product 14 | C17: =VLOOKUP(A17,Stock!A:K,3,FALSE()) -> Sports | D17: =VLOOKUP(A17,Stock!A:K,6,FALSE()) -> 421 | E17: =VLOOKUP(A17,Stock!A:K,5,FALSE()) -> 180.92 | F17: =LARGE(Stock!K$2:K$101,8) -> 76167.32
A18: {=INDEX(Stock!A:A,MATCH(LARGE(Stock!K$2:K$101,9),Stock!K$2:K$101,0)+1)} -> SKU-1038 | B18: =VLOOKUP(A18,Stock!A:K,2,FALSE()) -> Product 38 | C18: =VLOOKUP(A18,Stock!A:K,3,FALSE()) -> Apparel | D18: =VLOOKUP(A18,Stock!A:K,6,FALSE()) -> 472 | E18: =VLOOKUP(A18,Stock!A:K,5,FALSE()) -> 160.16 | F18: =LARGE(Stock!K$2:K$101,9) -> 75595.52
A19: {=INDEX(Stock!A:A,MATCH(LARGE(Stock!K$2:K$101,10),Stock!K$2:K$101,0)+1)} -> SKU-1066 | B19: =VLOOKUP(A19,Stock!A:K,2,FALSE()) -> Product 66 | C19: =VLOOKUP(A19,Stock!A:K,3,FALSE()) -> Books | D19: =VLOOKUP(A19,Stock!A:K,6,FALSE()) -> 320 | E19: =VLOOKUP(A19,Stock!A:K,5,FALSE()) -> 220.03 | F19: =LARGE(Stock!K$2:K$101,10) -> 70409.6
A22: CATEGORY & STATUS INSIGHTS
A40: Category Summary (auto)
A41: Category | B41: Total Value | C41: SKU Count
A42: Apparel | B42: =SUMIFS(Stock!K:K,Stock!C:C,A42) -> 662685.88 | C42: =COUNTIFS(Stock!C:C,A42) -> 16
A43: Home | B43: =SUMIFS(Stock!K:K,Stock!C:C,A43) -> 533558.63 | C43: =COUNTIFS(Stock!C:C,A43) -> 18
A44: Electronics | B44: =SUMIFS(Stock!K:K,Stock!C:C,A44) -> 692650.41 | C44: =COUNTIFS(Stock!C:C,A44) -> 21
A45: Beauty | B45: =SUMIFS(Stock!K:K,Stock!C:C,A45) -> 287653.04 | C45: =COUNTIFS(Stock!C:C,A45) -> 14
A46: Sports | B46: =SUMIFS(Stock!K:K,Stock!C:C,A46) -> 490099.87 | C46: =COUNTIFS(Stock!C:C,A46) -> 15
A47: Books | B47: =SUMIFS(Stock!K:K,Stock!C:C,A47) -> 582817.7 | C47: =COUNTIFS(Stock!C:C,A47) -> 16

Sheet Stock
A1: SKU | B1: Product | C1: Category | D1: Supplier | E1: Unit Cost | F1: Qty On Hand | G1: Reorder Point | H1: Days Cover | I1: Status | J1: Lead Time (days) | K1: Total Value
A2: SKU-1001 | B2: Product 1 | C2: Apparel | D2: Supplier-4 | E2: 196.93 | F2: 167 | G2: 56 | H2: 7.4 | I2: OK | J2: 15 | K2: =E2*F2 -> 32887.31
A3: SKU-1002 | B3: Product 2 | C3: Home | D3: Supplier-3 | E3: 101.66 | F3: 109 | G3: 79 | H3: 4.6 | I3: OK | J3: 4 | K3: =E3*F3 -> 11080.94
A4: SKU-1003 | B4: Product 3 | C4: Apparel | D4: Supplier-3 | E4: 212.03 | F4: 379 | G4: 35 | H4: 15.2 | I4: OK | J4: 17 | K4: =E4*F4 -> 80359.37
A5: SKU-1004 | B5: Product 4 | C5: Home | D5: Supplier-11 | E5: 95.06 | F5: 130 | G5: 57 | H5: 9.6 | I5: OK | J5: 5 | K5: =E5*F5 -> 12357.8
A6: SKU-1005 | B6: Product 5 | C6: Apparel | D6: Supplier-2 | E6: 108.6 | F6: 490 | G6: 52 | H6: 29.9 | I6: OK | J6: 5 | K6: =E6*F6 -> 53214
A7: SKU-1006 | B7: Product 6 | C7: Beauty | D7: Supplier-9 | E7: 188.9 | F7: 9 | G7: 62 | H7: 0.5 | I7: Low | J7: 9 | K7: =E7*F7 -> 1700.1
A8: SKU-1007 | B8: Product 7 | C8: Beauty | D8: Supplier-11 | E8: 63.62 | F8: 157 | G8: 24 | H8: 12.1 | I8: OK | J8: 5 | K8: =E8*F8 -> 9988.34
A9: SKU-1008 | B9: Product 8 | C9: Electronics | D9: Supplier-5 | E9: 31.43 | F9: 29 | G9: 37 | H9: 1.4 | I9: Low | J9: 13 | K9: =E9*F9 -> 911.47
A10: SKU-1009 | B10: Product 9 | C10: Sports | D10: Supplier-10 | E10: 148.92 | F10: 270 | G10: 61 | H10: 17.6 | I10: OK | J10: 3 | K10: =E10*F10 -> 40208.4
A11: SKU-1010 | B11: Product 10 | C11: Beauty | D11: Supplier-8 | E11: 85.27 | F11: 209 | G11: 23 | H11: 20.2 | I11: OK | J11: 15 | K11: =E11*F11 -> 17821.43
A12: SKU-1011 | B12: Product 11 | C12: Apparel | D12: Supplier-3 | E12: 89.8 | F12: 397 | G12: 57 | H12: 19.8 | I12: OK | J12: 21 | K12: =E12*F12 -> 35650.6
A13: SKU-1012 | B13: Product 12 | C13: Apparel | D13: Supplier-2 | E13: 71.56 | F13: 206 | G13: 37 | H13: 20.5 | I13: OK | J13: 17 | K13: =E13*F13 -> 14741.36
... A101: SKU-1100 | B101: Product 100 | C101: Electronics | D101: Supplier-2 | E101: 217.82 | F101: 213 | G101: 67 | H101: 72.3 | I101: OK | J101: 11 | K101: =E101*F101 -> 46395.66
